id,first_name,last_name,email,gender,ip_address
1,Chandler,Hemerijk,chemerijk0@mit.edu,Male,79.171.98.232
2,Marline,Lawden,mlawden1@dot.gov,Female,241.34.143.115
3,Querida,Laxe,qlaxe2@soundcloud.com,Female,46.99.129.134
4,Ferdie,Gulvin,fgulvin3@goodreads.com,Male,25.4.24.227
5,Roger,Grimsditch,rgrimsditch4@homestead.com,Male,168.127.74.195
6,Candida,Honsch,chonsch5@cnn.com,Female,29.138.120.162
7,Rheba,Lestrange,rlestrange6@amazon.de,Non-binary,201.247.147.130
8,Sula,Baroch,sbaroch7@360.cn,Female,96.113.88.245
9,Elfreda,Heinzler,eheinzler8@sbwire.com,Female,177.123.249.43
10,Bernadette,Peiser,bpeiser9@accuweather.com,Female,106.210.151.55
11,Cary,Eteen,ceteena@gizmodo.com,Female,168.85.114.120
12,Zack,Tredgold,ztredgoldb@kickstarter.com,Genderqueer,227.143.254.130
13,Frederick,Yarrington,fyarringtonc@biglobe.ne.jp,Male,101.38.39.220
14,Pammie,Majury,pmajuryd@gravatar.com,Female,143.95.152.86
15,Sanderson,McCue,smccuee@examiner.com,Male,250.51.244.74
16,Laurette,Worters,lwortersf@sakura.ne.jp,Female,158.245.201.26
17,Durante,Chesshyre,dchesshyreg@huffingtonpost.com,Male,47.33.66.202
18,Gib,Croughan,gcroughanh@symantec.com,Male,37.97.239.156
19,Cordell,Kelston,ckelstoni@arizona.edu,Male,70.228.65.157
20,Dag,Joutapaitis,djoutapaitisj@comsenz.com,Male,145.228.248.51
21,Arlee,Gunson,agunsonk@cdbaby.com,Female,252.29.144.192
22,Saxe,Cassely,scasselyl@acquirethisname.com,Male,54.62.16.19
23,Shepard,Margiotta,smargiottam@histats.com,Male,118.79.171.73
24,Ignacius,MacCartair,imaccartairn@list-manage.com,Male,251.168.233.37
25,Elmore,Learmount,elearmounto@ibm.com,Male,188.89.72.243
26,Taber,Segrott,tsegrottp@slate.com,Male,15.107.5.4
27,Abagael,Follitt,afollittq@w3.org,Female,140.55.2.185
28,Loydie,Jellman,ljellmanr@nbcnews.com,Male,48.243.189.112
29,Darbie,Fright,dfrights@whitehouse.gov,Genderfluid,87.125.177.177
30,Raffaello,Innocent,rinnocentt@dion.ne.jp,Male,94.12.31.80
31,Lauren,Farfoot,lfarfootu@army.mil,Male,132.103.21.208
32,Aidan,Liddle,aliddlev@opensource.org,Agender,11.27.96.92
33,Berkeley,Elstub,belstubw@nbcnews.com,Male,69.95.64.142
34,Kyle,Burdin,kburdinx@chronoengine.com,Female,176.241.170.128
35,Zia,Prati,zpratiy@com.com,Agender,32.76.10.165
36,Layton,Giotto,lgiottoz@icio.us,Male,39.197.227.164
37,Viole,Pavelka,vpavelka10@dmoz.org,Female,237.86.169.132
38,Barthel,Heggison,bheggison11@bloglines.com,Male,174.94.231.82
39,Susy,Pinchback,spinchback12@usgs.gov,Female,118.219.218.178
40,Eamon,Archdeckne,earchdeckne13@skype.com,Male,110.63.69.139
41,Carla,Gyde,cgyde14@bloglovin.com,Female,217.122.149.134
42,Stacia,Petren,spetren15@answers.com,Female,139.46.47.155
43,Edin,Richie,erichie16@google.it,Female,125.13.82.42
44,Darb,Liddiatt,dliddiatt17@fema.gov,Male,90.11.131.192
45,Regan,Kennewell,rkennewell18@freewebs.com,Male,35.194.28.104
46,Kenneth,Alfuso,kalfuso19@bravesites.com,Male,168.82.210.9
47,Genvieve,Chevin,gchevin1a@whitehouse.gov,Female,138.191.149.23
48,Quincey,Matchell,qmatchell1b@examiner.com,Male,115.172.145.167
49,Donetta,Spratt,dspratt1c@exblog.jp,Female,112.162.60.148
50,Haily,Gabby,hgabby1d@mayoclinic.com,Female,17.203.153.32
51,Sydel,Iacobassi,siacobassi1e@smugmug.com,Female,67.168.203.115
52,Waiter,McGregor,wmcgregor1f@google.de,Male,241.226.16.64
53,Nedi,Eveling,neveling1g@mayoclinic.com,Agender,246.73.11.107
54,Amanda,Crewes,acrewes1h@vkontakte.ru,Genderqueer,83.153.123.136
55,Marcellina,O'Scannill,moscannill1i@lulu.com,Female,70.86.68.242
56,Fidel,Dixcey,fdixcey1j@cornell.edu,Male,191.247.229.192
57,Guinevere,Pattemore,gpattemore1k@wunderground.com,Female,95.234.59.227
58,Morton,Broose,mbroose1l@fc2.com,Male,207.185.179.80
59,Dru,Topling,dtopling1m@microsoft.com,Genderfluid,6.230.170.181
60,Adore,Etty,aetty1n@360.cn,Female,150.134.217.133
61,Gabbie,Reggiani,greggiani1o@reuters.com,Agender,155.247.64.232
62,Diane-marie,Cullivan,dcullivan1p@fc2.com,Female,236.146.57.128
63,Jakob,Stuchburie,jstuchburie1q@macromedia.com,Male,186.98.229.197
64,Sigfried,Treanor,streanor1r@zimbio.com,Male,50.128.34.190
65,Bab,Bixley,bbixley1s@state.gov,Female,62.77.201.210
66,Louisette,O' Borne,loborne1t@oaic.gov.au,Female,157.80.68.44
67,Hildy,Auton,hauton1u@barnesandnoble.com,Female,228.43.154.60
68,Austine,Menlow,amenlow1v@zdnet.com,Female,54.188.99.46
69,Aeriell,Ireland,aireland1w@ebay.co.uk,Female,156.9.251.37
70,Carina,Thebeau,cthebeau1x@desdev.cn,Female,46.250.91.36
71,Karoly,Kinnach,kkinnach1y@ning.com,Female,60.14.168.48
72,Isabelle,Thomlinson,ithomlinson1z@skype.com,Female,5.153.39.239
73,Arty,Hullot,ahullot20@ibm.com,Male,159.239.42.176
74,Salomone,Twinborne,stwinborne21@umich.edu,Male,80.61.16.174
75,Ambrosio,Huett,ahuett22@ezinearticles.com,Bigender,164.36.126.214
76,Andrea,Horlock,ahorlock23@admin.ch,Male,78.242.60.100
77,Jordon,Edowes,jedowes24@bravesites.com,Genderfluid,0.234.143.137
78,Ilse,Muslim,imuslim25@nationalgeographic.com,Female,17.206.68.35
79,Winthrop,Elcock,welcock26@icio.us,Genderfluid,229.194.157.48
80,Lyon,Pray,lpray27@shareasale.com,Male,174.236.214.64
81,Fara,Oldroyde,foldroyde28@nsw.gov.au,Female,64.239.89.196
82,Lindsey,McCreary,lmccreary29@surveymonkey.com,Male,8.153.240.13
83,Lou,Ballintime,lballintime2a@blogspot.com,Female,173.11.192.103
84,Tadeo,De Anesy,tdeanesy2b@google.nl,Male,16.218.23.32
85,Shoshanna,Vogeller,svogeller2c@discovery.com,Female,1.223.5.102
86,Izabel,Gilli,igilli2d@globo.com,Genderfluid,198.251.24.95
87,Colan,Alvy,calvy2e@nhs.uk,Male,141.89.68.145
88,Mario,Hewell,mhewell2f@storify.com,Non-binary,129.36.147.130
89,Chelsey,Deerness,cdeerness2g@bbb.org,Female,225.209.152.51
90,Sally,Cator,scator2h@comsenz.com,Female,110.206.219.74
91,Mildrid,Haggath,mhaggath2i@house.gov,Female,166.91.176.129
92,Sayers,Dakhno,sdakhno2j@skyrock.com,Genderqueer,160.252.35.47
93,Durand,Duesberry,dduesberry2k@github.io,Male,243.17.84.253
94,Shelly,Florence,sflorence2l@merriam-webster.com,Genderfluid,21.243.53.136
95,Karita,Knightsbridge,kknightsbridge2m@privacy.gov.au,Female,58.212.90.50
96,Forster,Andries,fandries2n@state.tx.us,Male,213.179.78.39
97,Dorolisa,MacKeague,dmackeague2o@google.co.uk,Female,96.250.60.47
98,Annmarie,Bonome,abonome2p@ovh.net,Female,217.54.81.210
99,Ardisj,McLaughlan,amclaughlan2q@oaic.gov.au,Female,11.168.136.78
100,Blancha,Gimblet,bgimblet2r@home.pl,Female,204.29.33.126
101,Paddie,Eye,peye2s@clickbank.net,Male,86.102.35.27
102,Kevyn,Hardi,khardi2t@eepurl.com,Female,211.45.83.33
103,Nikolas,Molfino,nmolfino2u@shinystat.com,Male,218.148.154.141
104,Yevette,Almeida,yalmeida2v@moonfruit.com,Female,80.128.115.102
105,Kiri,Halwell,khalwell2w@flickr.com,Female,38.206.231.48
106,Carena,Woodhead,cwoodhead2x@meetup.com,Female,227.105.208.5
107,Ira,McTeer,imcteer2y@unicef.org,Bigender,95.229.85.115
108,Conn,Gumary,cgumary2z@accuweather.com,Male,45.75.252.250
109,Olivette,Drayton,odrayton30@ebay.com,Female,150.98.147.109
110,Gavin,Zecchi,gzecchi31@stanford.edu,Male,202.70.33.135
111,Nealy,Greenaway,ngreenaway32@feedburner.com,Male,129.138.136.227
112,Elfrieda,Orgill,eorgill33@addtoany.com,Female,252.176.90.69
113,Jimmie,Fakeley,jfakeley34@trellian.com,Male,48.229.184.0
114,Niven,Melly,nmelly35@bigcartel.com,Male,28.29.163.6
115,Kelci,Shawcross,kshawcross36@walmart.com,Female,136.63.223.33
116,Korey,Haney`,khaney37@scientificamerican.com,Male,179.118.108.130
117,Lorant,Bettington,lbettington38@nationalgeographic.com,Male,112.2.144.9
118,Berkley,Frift,bfrift39@nymag.com,Male,204.130.94.141
119,Irene,Scarbarrow,iscarbarrow3a@yahoo.com,Female,181.159.109.125
120,Jennine,Pauling,jpauling3b@biglobe.ne.jp,Female,15.89.149.250
121,Nevil,Dowson,ndowson3c@china.com.cn,Male,162.135.65.150
122,Jill,Savaage,jsavaage3d@ocn.ne.jp,Female,122.122.111.136
123,Reese,Halsall,rhalsall3e@sbwire.com,Genderfluid,191.139.41.227
124,Emmerich,Walklott,ewalklott3f@lulu.com,Male,176.47.108.204
125,Keslie,Yancey,kyancey3g@illinois.edu,Female,180.6.75.247
126,Starla,Bohin,sbohin3h@ca.gov,Female,74.49.246.222
127,Margi,Simmance,msimmance3i@irs.gov,Genderqueer,21.146.145.31
128,Fonsie,Lack,flack3j@columbia.edu,Male,161.176.56.153
129,Fonz,McLanachan,fmclanachan3k@dagondesign.com,Male,141.78.1.217
130,Elbert,Northern,enorthern3l@unicef.org,Male,19.158.103.41
131,Tabby,McCaffrey,tmccaffrey3m@opera.com,Male,115.68.6.113
132,Babbie,Rymer,brymer3n@shutterfly.com,Female,133.70.40.63
133,Rochelle,Riccardelli,rriccardelli3o@ycombinator.com,Female,61.180.117.136
134,Faustina,Arpe,farpe3p@hc360.com,Genderfluid,139.51.106.146
135,Jyoti,Whiteoak,jwhiteoak3q@imdb.com,Female,125.182.112.152
136,Jerri,Zanicchi,jzanicchi3r@earthlink.net,Male,173.198.174.95
137,Merrill,Charlwood,mcharlwood3s@myspace.com,Male,123.131.48.94
138,Vita,Jurkiewicz,vjurkiewicz3t@t.co,Female,249.167.216.96
139,Krissie,Pimlott,kpimlott3u@friendfeed.com,Female,201.191.252.102
140,Gaylor,Domek,gdomek3v@edublogs.org,Male,21.187.194.122
141,Marion,Enriques,menriques3w@lulu.com,Male,90.76.23.205
142,Sigmund,Klimkin,sklimkin3x@studiopress.com,Male,34.126.122.214
143,Willamina,Cacacie,wcacacie3y@arstechnica.com,Female,5.162.233.75
144,Isabel,Loache,iloache3z@miibeian.gov.cn,Female,76.36.41.48
145,Stefanie,Mallall,smallall40@elegantthemes.com,Female,10.252.42.255
146,Jephthah,Wohler,jwohler41@samsung.com,Male,213.116.193.191
147,Anya,Garnham,agarnham42@noaa.gov,Female,110.220.23.19
148,Dill,Pennoni,dpennoni43@bravesites.com,Male,120.37.170.63
149,West,Kemmer,wkemmer44@blinklist.com,Male,113.211.176.100
150,Fayre,Siely,fsiely45@fotki.com,Female,86.148.141.124
151,Case,Froment,cfroment46@theatlantic.com,Male,5.111.94.218
152,Halimeda,Cruxton,hcruxton47@fda.gov,Female,255.141.160.141
153,Gilligan,Conner,gconner48@eventbrite.com,Female,187.201.78.216
154,Paco,Scarborough,pscarborough49@pen.io,Male,100.252.66.143
155,Wendeline,Triner,wtriner4a@feedburner.com,Genderfluid,227.87.213.105
156,Maryrose,Niles,mniles4b@umn.edu,Female,93.23.209.227
157,Roana,Dumbrall,rdumbrall4c@mail.ru,Female,24.223.136.117
158,Vanny,Trowbridge,vtrowbridge4d@creativecommons.org,Female,69.22.20.217
159,Alleen,Clowsley,aclowsley4e@cargocollective.com,Female,123.7.10.200
160,Emmey,Andrysek,eandrysek4f@netscape.com,Female,227.244.161.144
161,Shea,Touret,stouret4g@cmu.edu,Male,140.13.92.170
162,Tiff,Fawcus,tfawcus4h@usa.gov,Female,143.203.62.58
163,Karlan,Fasham,kfasham4i@dyndns.org,Male,120.219.0.195
164,Kirstin,Kanzler,kkanzler4j@huffingtonpost.com,Female,1.246.242.88
165,Ali,Cristofalo,acristofalo4k@illinois.edu,Male,254.8.180.188
166,Kenon,Rickhuss,krickhuss4l@eventbrite.com,Male,226.79.233.251
167,Andriana,Dain,adain4m@jigsy.com,Female,106.178.164.59
168,Willie,McMichan,wmcmichan4n@360.cn,Male,93.86.51.224
169,Renard,Aslett,raslett4o@epa.gov,Male,236.71.186.120
170,Timothea,Lapish,tlapish4p@simplemachines.org,Female,217.241.128.202
171,Shaine,Haskur,shaskur4q@phpbb.com,Male,199.202.99.139
172,Cassie,Gabriel,cgabriel4r@adobe.com,Male,177.239.169.229
173,Rayner,Petschelt,rpetschelt4s@surveymonkey.com,Male,47.35.203.69
174,Mia,Wiltshier,mwiltshier4t@4shared.com,Female,161.100.30.226
175,Eleonore,Goodlad,egoodlad4u@rakuten.co.jp,Female,72.162.139.103
176,Aeriel,Lambertini,alambertini4v@w3.org,Female,193.196.139.171
177,Desmund,Danter,ddanter4w@bigcartel.com,Male,237.63.141.129
178,Gleda,Piatti,gpiatti4x@homestead.com,Female,130.212.118.171
179,Ado,Flipek,aflipek4y@patch.com,Male,137.130.85.224
180,Carly,Dunford,cdunford4z@infoseek.co.jp,Male,115.75.254.82
181,Conn,Simkovitz,csimkovitz50@jugem.jp,Male,106.90.1.157
182,Mona,Nazaret,mnazaret51@ed.gov,Female,70.34.64.145
183,Meade,Spreull,mspreull52@dmoz.org,Male,250.29.186.68
184,Jennifer,Klazenga,jklazenga53@newsvine.com,Female,21.169.84.164
185,Doy,Kibard,dkibard54@blog.com,Male,124.76.7.15
186,Gabriel,Narup,gnarup55@baidu.com,Male,87.76.99.234
187,Berkie,Ech,bech56@4shared.com,Male,253.220.194.16
188,Yvon,Field,yfield57@nih.gov,Male,155.217.54.47
189,Ogdon,Brydie,obrydie58@livejournal.com,Male,215.134.117.180
190,Johnette,Dymick,jdymick59@unesco.org,Female,16.201.209.4
191,Wolf,Krochmann,wkrochmann5a@answers.com,Male,28.152.177.87
192,Aristotle,Lawee,alawee5b@multiply.com,Male,116.164.172.120
193,Isaiah,Liveley,iliveley5c@phoca.cz,Male,214.95.86.128
194,Marylin,Edgerly,medgerly5d@ask.com,Female,176.18.237.97
195,Etty,Castan,ecastan5e@miibeian.gov.cn,Female,186.122.81.58
196,Grove,Muttitt,gmuttitt5f@clickbank.net,Male,146.118.69.89
197,Dena,Tytcomb,dtytcomb5g@google.pl,Female,121.175.164.25
198,Margarethe,Muscott,mmuscott5h@123-reg.co.uk,Female,199.226.185.179
199,Mylo,Yearron,myearron5i@intel.com,Agender,67.152.136.103
200,Dulsea,Pinsent,dpinsent5j@elpais.com,Female,129.130.78.130
201,Nicola,Bowra,nbowra5k@biglobe.ne.jp,Female,135.39.155.97
202,Redford,Craine,rcraine5l@rakuten.co.jp,Polygender,155.166.196.135
203,Aura,Baildon,abaildon5m@eventbrite.com,Female,38.35.181.245
204,Carlyn,Fellenor,cfellenor5n@rambler.ru,Female,103.153.229.47
205,Duncan,Tremethack,dtremethack5o@china.com.cn,Male,210.224.8.138
206,Ninnette,Gaggen,ngaggen5p@123-reg.co.uk,Female,90.168.180.244
207,Keelby,Babb,kbabb5q@google.co.jp,Male,163.78.138.55
208,Seka,Eickhoff,seickhoff5r@networkadvertising.org,Female,144.201.127.115
209,Maximo,Digwood,mdigwood5s@mit.edu,Male,7.67.226.209
210,William,Davie,wdavie5t@storify.com,Male,76.243.50.19
211,Sascha,Bosquet,sbosquet5u@vkontakte.ru,Female,35.235.73.202
212,Andrew,Levin,alevin5v@yandex.ru,Male,217.128.170.105
213,Midge,Mullett,mmullett5w@posterous.com,Non-binary,101.6.19.254
214,Kori,Orrett,korrett5x@addtoany.com,Female,52.196.222.196
215,Win,Yakobowitch,wyakobowitch5y@xing.com,Male,160.204.242.249
216,Thedric,Linforth,tlinforth5z@twitpic.com,Male,173.65.36.182
217,Zechariah,Bolderoe,zbolderoe60@squarespace.com,Male,38.82.192.139
218,Alis,Lisimore,alisimore61@ftc.gov,Female,63.2.128.130
219,Audra,Blooman,ablooman62@gmpg.org,Female,68.213.113.220
220,Velma,Parnham,vparnham63@scientificamerican.com,Female,41.91.45.125
221,Marve,Kuhnhardt,mkuhnhardt64@123-reg.co.uk,Male,163.36.107.176
222,Torr,Tregunna,ttregunna65@mtv.com,Male,170.158.217.166
223,Aldus,Witherspoon,awitherspoon66@4shared.com,Male,193.6.203.92
224,Ignacio,Kunert,ikunert67@cnet.com,Male,39.158.21.128
225,Lee,Nurden,lnurden68@facebook.com,Female,129.219.199.157
226,Shayna,Malley,smalley69@soundcloud.com,Female,122.210.60.93
227,Rutledge,Hall,rhall6a@webs.com,Male,9.89.39.192
228,Artair,Stopper,astopper6b@ehow.com,Male,78.111.121.202
229,Clyve,Young,cyoung6c@stumbleupon.com,Male,125.99.87.210
230,Darrel,Matejka,dmatejka6d@dyndns.org,Male,25.47.63.56
231,Betti,Danielczyk,bdanielczyk6e@narod.ru,Female,104.0.202.171
232,Kanya,Power,kpower6f@archive.org,Female,120.19.149.143
233,Ermin,Sweedland,esweedland6g@creativecommons.org,Male,212.115.157.146
234,Jonas,Ottey,jottey6h@businesswire.com,Male,141.148.221.7
235,Rollin,Abernethy,rabernethy6i@homestead.com,Male,241.244.77.140
236,Lorry,Lumsdall,llumsdall6j@cloudflare.com,Female,238.245.211.135
237,Mace,Gimert,mgimert6k@reverbnation.com,Non-binary,96.130.99.197
238,Lindsey,Cratere,lcratere6l@etsy.com,Male,15.19.185.102
239,Odell,Berwick,oberwick6m@squarespace.com,Male,252.58.1.187
240,Lyssa,Blease,lblease6n@engadget.com,Female,204.169.20.210
241,Edsel,Targetter,etargetter6o@upenn.edu,Male,15.123.163.153
242,Timoteo,Garrat,tgarrat6p@geocities.com,Male,161.214.89.212
243,Georg,Caistor,gcaistor6q@squarespace.com,Male,53.64.78.28
244,Wilow,Stait,wstait6r@earthlink.net,Female,195.123.158.30
245,Dodi,Baccas,dbaccas6s@archive.org,Female,18.81.90.114
246,Berthe,Siman,bsiman6t@vk.com,Genderqueer,33.47.253.89
247,Tillie,Solly,tsolly6u@intel.com,Female,208.204.70.234
248,Rowena,Studders,rstudders6v@linkedin.com,Non-binary,110.131.117.186
249,Boothe,MacGillicuddy,bmacgillicuddy6w@gravatar.com,Male,132.99.119.169
250,Gasper,Twizell,gtwizell6x@4shared.com,Male,206.29.43.125
251,Windham,Pither,wpither6y@ihg.com,Male,217.79.137.57
252,Valerye,Ascroft,vascroft6z@va.gov,Female,220.183.104.217
253,Katherine,Higbin,khigbin70@ca.gov,Female,42.192.221.117
254,Abbe,Meyer,ameyer71@hhs.gov,Male,67.189.247.69
255,Sasha,Commusso,scommusso72@ebay.co.uk,Polygender,14.146.179.182
256,Danyette,McDermott-Row,dmcdermottrow73@deliciousdays.com,Female,38.204.40.51
257,Georgine,Pardue,gpardue74@i2i.jp,Non-binary,21.81.47.241
258,Bret,McCray,bmccray75@surveymonkey.com,Male,55.91.161.12
259,Cinderella,Schruur,cschruur76@exblog.jp,Female,191.85.122.121
260,Worden,Dawber,wdawber77@tumblr.com,Male,66.184.5.227
261,Scotti,Prisley,sprisley78@addtoany.com,Male,27.41.14.13
262,Prudi,Bankes,pbankes79@bizjournals.com,Female,228.238.46.234
263,Olav,Shewen,oshewen7a@upenn.edu,Male,16.18.140.111
264,Adria,Stubbeley,astubbeley7b@ucsd.edu,Female,62.7.153.30
265,Gretel,McCarty,gmccarty7c@mapquest.com,Female,203.244.135.221
266,Arlee,Layton,alayton7d@tamu.edu,Female,223.132.202.138
267,Aubrey,Partkya,apartkya7e@jimdo.com,Female,223.187.84.107
268,Leeland,Betton,lbetton7f@state.gov,Male,10.124.51.67
269,Regen,Boggish,rboggish7g@google.de,Male,215.146.172.67
270,Des,Fridlington,dfridlington7h@mtv.com,Male,52.118.201.161
271,Pavlov,Trever,ptrever7i@dailymail.co.uk,Male,210.36.184.25
272,Renelle,Howsley,rhowsley7j@marriott.com,Polygender,56.209.216.58
273,Duane,Sears,dsears7k@google.cn,Male,250.102.230.207
274,Beulah,Ancketill,bancketill7l@addthis.com,Female,63.56.116.237
275,Kilian,Burril,kburril7m@whitehouse.gov,Male,144.215.111.43
276,Clarabelle,McIlwaine,cmcilwaine7n@vinaora.com,Female,203.54.29.103
277,Nevil,Gleasane,ngleasane7o@github.io,Male,58.130.50.171
278,Petey,Crummie,pcrummie7p@ovh.net,Genderqueer,37.227.163.216
279,Jeffrey,Jacobs,jjacobs7q@yale.edu,Male,35.15.81.169
280,Idelle,Corzon,icorzon7r@cbc.ca,Female,153.241.155.40
281,Lenna,Americi,lamerici7s@google.com.br,Female,81.39.75.99
282,Sandye,Maw,smaw7t@apple.com,Female,150.144.62.58
283,Kurt,Szymoni,kszymoni7u@google.com,Male,163.97.21.181
284,Giffard,Stanley,gstanley7v@digg.com,Male,171.183.106.50
285,Daniela,Emsden,demsden7w@moonfruit.com,Female,69.227.216.188
286,Cooper,Leeman,cleeman7x@taobao.com,Male,11.198.116.25
287,Osmund,Human,ohuman7y@comsenz.com,Male,118.27.27.54
288,Irvine,Aldis,ialdis7z@geocities.com,Male,51.117.13.74
289,Lorinda,Bohling,lbohling80@merriam-webster.com,Female,110.32.181.50
290,Morie,Reucastle,mreucastle81@vinaora.com,Male,14.185.62.134
291,Jase,Morrant,jmorrant82@globo.com,Male,169.54.246.57
292,Caro,Scorey,cscorey83@oracle.com,Female,74.122.116.90
293,Madelle,Berryann,mberryann84@shop-pro.jp,Female,161.238.29.3
294,Cindi,Graysmark,cgraysmark85@yahoo.com,Female,237.29.15.147
295,Jeffie,Wagenen,jwagenen86@elegantthemes.com,Male,138.230.213.14
296,Rutger,Makeswell,rmakeswell87@geocities.jp,Male,182.237.77.249
297,Allyn,Fryers,afryers88@ca.gov,Genderfluid,254.124.20.227
298,Dasya,Friese,dfriese89@parallels.com,Female,187.176.2.255
299,Allianora,Wiltshear,awiltshear8a@myspace.com,Female,79.169.230.112
300,Fanny,Steinham,fsteinham8b@bloglines.com,Female,130.149.115.109
301,Nevsa,Van Velden,nvanvelden8c@freewebs.com,Polygender,195.58.120.86
302,Leoine,Ducker,lducker8d@cam.ac.uk,Female,68.244.152.111
303,Gert,Breakey,gbreakey8e@fda.gov,Female,51.47.195.135
304,Samantha,Anselmi,sanselmi8f@drupal.org,Female,162.238.181.4
305,Korry,Usher,kusher8g@stanford.edu,Female,80.252.229.71
306,Corette,Delleschi,cdelleschi8h@virginia.edu,Female,163.178.105.81
307,Dottie,Roles,droles8i@youtube.com,Female,76.172.140.144
308,Osbourn,Petasch,opetasch8j@imageshack.us,Male,202.183.142.34
309,Romonda,Van Weedenburg,rvanweedenburg8k@ocn.ne.jp,Bigender,164.220.83.185
310,Tamiko,Pennrington,tpennrington8l@stanford.edu,Female,213.108.152.145
311,Van,Brisland,vbrisland8m@discovery.com,Male,229.130.174.198
312,Leanor,Benninger,lbenninger8n@clickbank.net,Female,254.184.17.112
313,Milzie,Martello,mmartello8o@shop-pro.jp,Female,98.3.120.212
314,Barnie,Cormack,bcormack8p@spiegel.de,Male,144.60.224.231
315,Chucho,Coghlan,ccoghlan8q@disqus.com,Male,78.37.99.44
316,Jolene,Voase,jvoase8r@sbwire.com,Female,116.45.223.218
317,Cheslie,Sheals,csheals8s@whitehouse.gov,Female,95.193.173.194
318,Siward,Thunderman,sthunderman8t@amazon.de,Male,139.171.157.202
319,Joshia,Gillitt,jgillitt8u@china.com.cn,Male,12.169.47.64
320,Cybil,MacGilmartin,cmacgilmartin8v@yale.edu,Female,10.69.163.211
321,Lennard,Einchcombe,leinchcombe8w@jalbum.net,Male,179.42.1.39
322,Dory,Tredgold,dtredgold8x@psu.edu,Male,3.132.163.87
323,Jane,Edwins,jedwins8y@abc.net.au,Bigender,133.164.16.143
324,Fernande,Farrent,ffarrent8z@twitpic.com,Female,181.174.4.253
325,Dannie,Glazzard,dglazzard90@opensource.org,Female,196.147.72.33
326,Christin,Adami,cadami91@psu.edu,Female,229.96.131.241
327,Ranique,Manktelow,rmanktelow92@geocities.jp,Non-binary,159.28.62.248
328,Dilan,Gwilym,dgwilym93@twitter.com,Male,109.185.11.192
329,Moll,Greenhowe,mgreenhowe94@google.com.br,Female,36.237.140.142
330,Orion,Adolphine,oadolphine95@twitter.com,Genderfluid,141.187.133.192
331,Shadow,Domenicone,sdomenicone96@purevolume.com,Male,239.203.20.27
332,Deanne,Conkie,dconkie97@tumblr.com,Female,206.204.226.196
333,Carmina,Ost,cost98@omniture.com,Female,101.102.241.122
334,Perry,Simeoni,psimeoni99@so-net.ne.jp,Female,14.95.46.18
335,Zsa zsa,Driscoll,zdriscoll9a@discovery.com,Female,213.52.102.69
336,Bryant,Sturley,bsturley9b@comsenz.com,Male,92.28.83.193
337,Towney,Janca,tjanca9c@uiuc.edu,Non-binary,172.135.4.222
338,Dewain,Lamb-shine,dlambshine9d@nyu.edu,Male,225.234.37.192
339,Gabbi,Bowmen,gbowmen9e@meetup.com,Female,36.16.215.126
340,Noble,Timbrell,ntimbrell9f@technorati.com,Male,103.182.105.149
341,Hollie,Gosneye,hgosneye9g@chronoengine.com,Female,138.58.44.128
342,Kasper,Murr,kmurr9h@woothemes.com,Male,125.232.16.211
343,Shannen,Le Barr,slebarr9i@nps.gov,Female,126.97.40.74
344,Paola,Jumonet,pjumonet9j@histats.com,Female,104.123.32.14
345,Fabien,Trundell,ftrundell9k@unc.edu,Male,13.191.144.58
346,Esra,Cassin,ecassin9l@github.io,Male,220.163.112.116
347,Bud,Permain,bpermain9m@reference.com,Male,25.43.24.216
348,Jesse,Gadsden,jgadsden9n@nih.gov,Female,236.19.231.42
349,Amye,Vinson,avinson9o@stanford.edu,Female,55.171.59.102
350,Joell,Antonucci,jantonucci9p@house.gov,Female,157.99.243.249
351,Leslie,Gresly,lgresly9q@unblog.fr,Female,172.165.239.206
352,Ami,Llopis,allopis9r@marketwatch.com,Female,168.148.58.5
353,Freddi,Membry,fmembry9s@weather.com,Female,31.26.228.123
354,Fanni,Jays,fjays9t@facebook.com,Female,16.93.221.112
355,Corey,Vaune,cvaune9u@apple.com,Female,24.123.171.17
356,Mitzi,Schachter,mschachter9v@github.com,Female,151.138.202.198
357,Tybalt,Burgis,tburgis9w@narod.ru,Male,193.248.203.138
358,Cammy,Shea,cshea9x@ocn.ne.jp,Male,126.57.40.181
359,Garey,Ashall,gashall9y@who.int,Male,21.194.170.24
360,Evelina,Grunguer,egrunguer9z@example.com,Female,96.201.235.117
361,Myrvyn,Oliver-Paull,moliverpaulla0@123-reg.co.uk,Male,67.145.27.60
362,Krystal,Burless,kburlessa1@is.gd,Female,85.14.17.187
363,Delcina,Habershaw,dhabershawa2@epa.gov,Female,108.47.88.96
364,Hubey,Ruvel,hruvela3@merriam-webster.com,Male,193.67.97.203
365,Joice,Gairdner,jgairdnera4@shutterfly.com,Genderqueer,29.12.195.62
366,Egan,Daily,edailya5@list-manage.com,Male,17.111.39.136
367,Zaccaria,Gabbott,zgabbotta6@goo.gl,Male,128.202.81.92
368,Rubetta,Ciccoloi,rciccoloia7@hao123.com,Female,249.247.206.221
369,Isacco,Droogan,idroogana8@amazon.co.jp,Male,71.46.18.237
370,Lew,Lamlin,llamlina9@usgs.gov,Male,0.32.113.42
371,Aldis,Jonathon,ajonathonaa@chicagotribune.com,Male,167.80.19.170
372,Arleta,Densham,adenshamab@freewebs.com,Female,244.42.58.94
373,Egor,Shutte,eshutteac@reuters.com,Male,155.18.134.203
374,Hermie,Martinek,hmartinekad@dell.com,Male,197.158.253.151
375,Bert,Ellyatt,bellyattae@cmu.edu,Male,57.139.163.198
376,Katusha,Fenny,kfennyaf@thetimes.co.uk,Female,209.113.94.214
377,Giulia,Station,gstationag@comcast.net,Female,103.24.177.212
378,Donielle,Lemonby,dlemonbyah@sciencedaily.com,Female,151.193.107.90
379,Juliann,Colt,jcoltai@furl.net,Female,194.97.207.104
380,Jaime,Mulmuray,jmulmurayaj@vkontakte.ru,Male,76.23.242.98
381,Garald,Molloy,gmolloyak@vinaora.com,Male,215.73.183.176
382,Aloysia,Oldnall,aoldnallal@miitbeian.gov.cn,Female,158.208.186.125
383,Fancie,Jermy,fjermyam@hugedomains.com,Female,210.190.185.123
384,Jedd,Ivakhnov,jivakhnovan@pagesperso-orange.fr,Male,107.73.47.212
385,Leanora,Vizard,lvizardao@list-manage.com,Female,108.84.74.253
386,Dniren,Berston,dberstonap@youtube.com,Female,233.130.226.181
387,Claresta,Melby,cmelbyaq@myspace.com,Female,103.60.226.173
388,Sherwynd,Blazek,sblazekar@instagram.com,Male,208.144.221.184
389,Josee,Sandall,jsandallas@skyrock.com,Female,112.140.36.40
390,Renado,Kalisz,rkaliszat@cbc.ca,Male,199.92.146.112
391,Tiertza,Bryde,tbrydeau@alibaba.com,Female,73.105.85.94
392,Teddy,McGirr,tmcgirrav@ask.com,Male,126.233.132.60
393,Austin,O' Ronan,aoronanaw@liveinternet.ru,Male,51.51.45.189
394,Rouvin,Zuppa,rzuppaax@google.ca,Male,168.32.99.173
395,Mathe,Hobben,mhobbenay@spotify.com,Male,176.217.180.35
396,Bearnard,Dunstall,bdunstallaz@dion.ne.jp,Male,214.135.153.73
397,Mina,Trussell,mtrussellb0@uol.com.br,Female,139.251.203.41
398,Cameron,Pendlington,cpendlingtonb1@unesco.org,Male,36.141.37.98
399,Herschel,Packham,hpackhamb2@ibm.com,Male,150.131.196.108
400,Raffarty,Neilly,rneillyb3@slideshare.net,Male,43.217.117.105
401,Karoly,Redier,kredierb4@theatlantic.com,Male,19.239.84.57
402,El,Trowill,etrowillb5@phpbb.com,Male,231.234.7.22
403,Leta,Ruppert,lruppertb6@cafepress.com,Female,46.207.54.252
404,Rawley,Jaulmes,rjaulmesb7@zdnet.com,Male,87.58.153.37
405,Halsy,Wallice,hwalliceb8@mashable.com,Male,18.80.76.210
406,Doralynn,Surridge,dsurridgeb9@vistaprint.com,Female,207.91.54.121
407,Jaimie,Gartell,jgartellba@newsvine.com,Female,73.190.19.244
408,Gerianna,Tween,gtweenbb@bigcartel.com,Female,233.12.208.27
409,Nola,Kemwal,nkemwalbc@tinypic.com,Female,20.33.66.104
410,Jaclyn,Gregorowicz,jgregorowiczbd@seesaa.net,Genderfluid,236.91.135.216
411,Morley,Magister,mmagisterbe@cmu.edu,Male,122.156.72.41
412,Margie,Markson,mmarksonbf@mtv.com,Female,204.181.216.138
413,Debee,Birtonshaw,dbirtonshawbg@woothemes.com,Female,170.206.125.122
414,Allard,Parffrey,aparffreybh@cisco.com,Male,70.95.27.194
415,Jermaine,Bordes,jbordesbi@comsenz.com,Male,204.149.195.58
416,Mervin,Selburn,mselburnbj@irs.gov,Male,217.96.49.45
417,Jsandye,Raithby,jraithbybk@unesco.org,Non-binary,16.163.32.128
418,Vail,Ronca,vroncabl@msu.edu,Male,21.176.38.104
419,Isidore,O'Cahsedy,iocahsedybm@flavors.me,Male,62.60.224.39
420,Maxy,Oakenfull,moakenfullbn@biblegateway.com,Male,183.170.129.63
421,Ram,Finneran,rfinneranbo@aol.com,Male,66.7.114.71
422,Millisent,Confait,mconfaitbp@tumblr.com,Female,149.63.34.60
423,Pippy,Smylie,psmyliebq@technorati.com,Female,96.105.240.119
424,Kelby,Girardetti,kgirardettibr@woothemes.com,Male,78.25.21.4
425,Keefer,Grieves,kgrievesbs@baidu.com,Male,42.221.63.34
426,Beatrix,Affron,baffronbt@pagesperso-orange.fr,Female,123.155.161.251
427,Gabby,Odde,goddebu@addthis.com,Male,22.56.249.14
428,Waylon,Stopford,wstopfordbv@ycombinator.com,Male,243.72.23.54
429,Vanya,Warnes,vwarnesbw@opera.com,Male,168.22.231.245
430,Selig,Proom,sproombx@mlb.com,Male,16.249.241.32
431,Kissee,Topley,ktopleyby@elpais.com,Genderfluid,15.230.106.106
432,Lillian,Kahen,lkahenbz@1und1.de,Female,192.18.9.101
433,Aila,Foulds,afouldsc0@stanford.edu,Female,143.190.112.159
434,Marlin,Cassel,mcasselc1@chron.com,Male,26.48.52.3
435,Guillaume,Harrill,gharrillc2@mediafire.com,Male,163.25.30.109
436,Garvy,Lamers,glamersc3@github.com,Male,117.111.38.70
437,Archibaldo,Druitt,adruittc4@ft.com,Male,239.138.156.241
438,Tallia,Blackadder,tblackadderc5@sfgate.com,Female,34.159.255.162
439,Vincent,Dursley,vdursleyc6@biglobe.ne.jp,Male,166.129.93.255
440,Fonzie,Eastbury,feastburyc7@instagram.com,Male,114.168.2.78
441,Rich,Mc Menamin,rmcmenaminc8@ox.ac.uk,Male,215.106.182.123
442,Horst,Loughan,hloughanc9@nationalgeographic.com,Male,93.5.160.245
443,Camellia,Matterson,cmattersonca@ucoz.com,Bigender,164.26.5.50
444,Prentiss,Eard,peardcb@free.fr,Male,186.206.220.225
445,Terrie,Borton,tbortoncc@house.gov,Female,212.188.148.68
446,Aaron,Cochet,acochetcd@hubpages.com,Male,116.0.70.199
447,Marion,Leefe,mleefece@bluehost.com,Male,189.227.177.148
448,Dagmar,Bartoletti,dbartoletticf@aol.com,Female,95.33.207.144
449,Cacilie,Folini,cfolinicg@dot.gov,Female,54.116.208.197
450,Lethia,MacNeilly,lmacneillych@storify.com,Female,179.54.189.77
451,Inigo,Clarae,iclaraeci@posterous.com,Male,173.252.194.102
452,Serge,Genny,sgennycj@google.fr,Male,23.68.106.0
453,Masha,Inglese,mingleseck@google.es,Female,70.32.45.158
454,Euphemia,Shakshaft,eshakshaftcl@tmall.com,Female,38.103.183.207
455,Alica,Dyball,adyballcm@mapquest.com,Female,67.99.187.38
456,Winn,Akast,wakastcn@kickstarter.com,Male,194.61.160.244
457,Ingamar,Birchill,ibirchillco@buzzfeed.com,Male,168.80.138.253
458,Gaylord,Normadell,gnormadellcp@tripadvisor.com,Male,81.224.249.98
459,Jud,Rowett,jrowettcq@patch.com,Genderfluid,141.253.24.80
460,Arlinda,Shearsby,ashearsbycr@reddit.com,Female,208.125.58.106
461,Nani,Jankovic,njankoviccs@nifty.com,Female,232.54.169.238
462,Tome,Tumioto,ttumiotoct@simplemachines.org,Male,57.23.86.93
463,Noel,Colam,ncolamcu@wordpress.org,Female,188.139.208.80
464,Clemmy,Jilkes,cjilkescv@cafepress.com,Male,187.85.72.248
465,Raphaela,Ellings,rellingscw@lulu.com,Female,214.111.218.97
466,Jennifer,Paslow,jpaslowcx@reuters.com,Genderqueer,189.87.119.245
467,Gail,Cranny,gcrannycy@mayoclinic.com,Male,95.185.82.158
468,Martie,Wettern,mwetterncz@cbc.ca,Genderqueer,182.114.237.36
469,Allyce,Ashby,aashbyd0@upenn.edu,Female,171.140.241.64
470,Orin,Waby,owabyd1@bluehost.com,Genderqueer,153.160.255.204
471,Vergil,Mc Elory,vmceloryd2@altervista.org,Male,160.48.0.255
472,Enos,Clutterham,eclutterhamd3@addthis.com,Male,244.83.169.47
473,Berny,Gorling,bgorlingd4@plala.or.jp,Female,149.6.180.218
474,Fara,Dana,fdanad5@nsw.gov.au,Female,198.118.181.100
475,Aleta,Hoyer,ahoyerd6@google.com,Polygender,238.178.124.101
476,Janella,Skocroft,jskocroftd7@hibu.com,Female,173.148.224.240
477,Gabby,De Biaggi,gdebiaggid8@hud.gov,Male,228.166.189.15
478,Trish,Dumingo,tdumingod9@addthis.com,Female,89.246.249.254
479,Giorgi,Dundridge,gdundridgeda@cbsnews.com,Male,16.134.11.251
480,Orly,Vaughton,ovaughtondb@amazon.co.jp,Female,113.117.132.240
481,Natividad,Pirrie,npirriedc@bandcamp.com,Female,226.73.149.158
482,Nicolais,Sneath,nsneathdd@drupal.org,Male,213.184.126.5
483,Myrah,Balling,mballingde@issuu.com,Female,92.29.182.118
484,Brent,Qualtrough,bqualtroughdf@howstuffworks.com,Male,186.114.69.88
485,Gabi,Wegner,gwegnerdg@rambler.ru,Male,162.71.208.115
486,Cello,Tonkes,ctonkesdh@wordpress.com,Male,229.66.0.1
487,Byron,Osbidston,bosbidstondi@cnbc.com,Male,56.52.101.174
488,Franny,Tonbye,ftonbyedj@icq.com,Female,90.226.110.67
489,Fonzie,Kaysor,fkaysordk@about.me,Bigender,161.136.114.230
490,Mildrid,Pepi,mpepidl@smugmug.com,Polygender,95.147.46.87
491,Jerald,Tidey,jtideydm@tumblr.com,Male,112.218.222.150
492,Meta,Heritege,mheritegedn@omniture.com,Female,241.129.70.186
493,Robinet,Moyes,rmoyesdo@toplist.cz,Polygender,148.217.37.29
494,Hall,January 1st,hjanuarystdp@theguardian.com,Male,104.213.208.148
495,Buiron,Dwelly,bdwellydq@cpanel.net,Male,105.60.18.99
496,Elladine,Pridmore,epridmoredr@deliciousdays.com,Female,81.170.240.240
497,Natal,Hickinbottom,nhickinbottomds@kickstarter.com,Polygender,243.93.26.5
498,Aurea,Darben,adarbendt@goodreads.com,Female,228.120.14.75
499,Agathe,Buscher,abuscherdu@elegantthemes.com,Female,250.254.10.111
500,Morganne,Brazel,mbrazeldv@google.nl,Female,100.29.86.111
501,Lorant,Awmack,lawmackdw@goo.ne.jp,Agender,103.47.45.196
502,Christy,Espinola,cespinoladx@timesonline.co.uk,Female,58.142.105.246
503,Haslett,Jaffa,hjaffady@addtoany.com,Genderqueer,237.114.226.133
504,Hal,Frosch,hfroschdz@smh.com.au,Male,99.147.121.81
505,Wandie,Alenichicov,walenichicove0@cbc.ca,Female,55.6.83.61
506,Gloriana,Faas,gfaase1@adobe.com,Female,38.127.180.130
507,Hamil,Van der Velde,hvanderveldee2@tinypic.com,Male,228.114.183.249
508,Hank,Honniebal,hhonniebale3@salon.com,Male,30.100.18.150
509,Alano,Gauford,agauforde4@ucsd.edu,Male,95.245.129.23
510,Randi,Catlin,rcatline5@flavors.me,Female,149.55.77.31
511,Laurianne,Bazelle,lbazellee6@bizjournals.com,Female,71.128.25.194
512,Alysa,Di Franceshci,adifranceshcie7@canalblog.com,Female,227.190.117.19
513,Raul,Hansie,rhansiee8@feedburner.com,Male,129.128.6.150
514,Krissie,Steventon,ksteventone9@hostgator.com,Female,0.167.184.156
515,Andra,Melbert,amelbertea@globo.com,Female,81.248.188.37
516,Harper,Freschi,hfreschieb@google.com,Male,224.238.202.120
517,Jori,Perchard,jperchardec@amazonaws.com,Female,75.166.90.250
518,Tabbatha,Nudde,tnuddeed@theguardian.com,Female,45.131.92.135
519,Boycie,Millberg,bmillbergee@wired.com,Non-binary,18.95.52.238
520,Trevar,Bulch,tbulchef@walmart.com,Male,210.195.235.132
521,Heindrick,Kear,hkeareg@state.gov,Male,95.156.221.94
522,Eolanda,Cato,ecatoeh@nasa.gov,Female,68.43.183.9
523,Edith,McCaskill,emccaskillei@slideshare.net,Bigender,183.125.228.184
524,Emmie,Bachellier,ebachellierej@bandcamp.com,Female,191.75.183.129
525,Agace,Brewster,abrewsterek@free.fr,Female,47.196.135.186
526,Carleen,Yele,cyeleel@rakuten.co.jp,Female,232.218.116.101
527,Melisandra,Creak,mcreakem@google.it,Female,247.104.143.2
528,Sallyann,Bertholin,sbertholinen@mtv.com,Female,71.27.183.136
529,Felicle,Mizzi,fmizzieo@state.tx.us,Female,200.216.1.91
530,Tilda,Beadon,tbeadonep@cdbaby.com,Non-binary,130.145.85.23
531,Bruis,Greetham,bgreethameq@hao123.com,Male,131.193.115.221
532,Jone,Breinl,jbreinler@google.com.hk,Male,62.34.154.221
533,Nicoline,Hallford,nhallfordes@symantec.com,Female,123.32.86.134
534,Verney,Crowcum,vcrowcumet@ifeng.com,Non-binary,215.119.159.77
535,Farah,Cannop,fcannopeu@wikipedia.org,Female,5.122.50.128
536,Heloise,Agastina,hagastinaev@symantec.com,Female,112.30.69.73
537,Wallis,Outright,woutrightew@washington.edu,Non-binary,205.54.96.239
538,Saundra,Aulds,sauldsex@house.gov,Female,90.247.32.171
539,Dorette,Sagg,dsaggey@bluehost.com,Female,82.214.67.200
540,Clevey,Astell,castellez@opera.com,Male,202.91.43.66
541,Clywd,Gylle,cgyllef0@wikimedia.org,Male,198.150.152.170
542,Meredeth,Parsons,mparsonsf1@hao123.com,Male,133.66.55.140
543,Germain,Ruthen,gruthenf2@webmd.com,Female,16.164.84.22
544,Wolfy,McCall,wmccallf3@mozilla.com,Genderqueer,173.187.115.100
545,Wynn,Corbally,wcorballyf4@gov.uk,Male,145.173.187.198
546,Rudolfo,Krelle,rkrellef5@mayoclinic.com,Male,214.190.240.87
547,Sibbie,Wyles,swylesf6@amazon.de,Female,249.160.35.73
548,Cecil,O'Loughnan,coloughnanf7@nifty.com,Male,83.174.163.199
549,Daveta,Brandts,dbrandtsf8@deviantart.com,Female,85.19.96.168
550,Trstram,Bonifant,tbonifantf9@friendfeed.com,Male,13.189.181.132
551,Burk,Sayle,bsaylefa@wisc.edu,Male,221.147.140.221
552,Dew,Hellin,dhellinfb@jiathis.com,Polygender,160.108.9.69
553,Brandi,Lingfoot,blingfootfc@cyberchimps.com,Genderfluid,69.241.85.165
554,Tabor,Warlton,twarltonfd@yellowpages.com,Male,205.182.235.50
555,Shalom,Westley,swestleyfe@virginia.edu,Male,156.48.201.90
556,Alvina,Divell,adivellff@washingtonpost.com,Female,231.124.55.110
557,Jojo,Laurenty,jlaurentyfg@hud.gov,Genderqueer,190.193.30.137
558,Manda,Wager,mwagerfh@jiathis.com,Female,81.110.220.44
559,Thomasine,Shackel,tshackelfi@chronoengine.com,Female,190.40.218.38
560,Glendon,Keneforde,gkenefordefj@shinystat.com,Male,198.154.247.8
561,Vail,Kleen,vkleenfk@bing.com,Male,138.242.141.29
562,Edythe,Croizier,ecroizierfl@topsy.com,Female,105.112.212.249
563,Hewie,Schrader,hschraderfm@icq.com,Male,187.193.143.180
564,Sheri,Orringe,sorringefn@meetup.com,Female,86.11.244.164
565,Cherri,Santello,csantellofo@weibo.com,Female,189.104.57.138
566,Ivy,Paddick,ipaddickfp@behance.net,Female,155.149.106.118
567,Timmie,Garham,tgarhamfq@xing.com,Genderqueer,57.129.237.250
568,Lesley,Prendeguest,lprendeguestfr@istockphoto.com,Male,39.171.174.4
569,Roy,Spinella,rspinellafs@google.com.br,Male,3.59.134.219
570,Crissy,Tarpey,ctarpeyft@smugmug.com,Female,216.59.28.62
571,Jo-anne,Flarity,jflarityfu@cnn.com,Non-binary,198.102.19.119
572,Candida,Bousfield,cbousfieldfv@adobe.com,Female,69.50.165.238
573,Cosme,Wimpeney,cwimpeneyfw@github.com,Male,143.157.0.176
574,Malena,Sayton,msaytonfx@mlb.com,Polygender,228.173.215.102
575,Georgia,Stadden,gstaddenfy@wikimedia.org,Female,232.189.135.78
576,Filip,Dupree,fdupreefz@hostgator.com,Male,136.198.128.243
577,Cheslie,Kenan,ckenang0@hubpages.com,Female,166.148.52.129
578,Constantine,Philipot,cphilipotg1@theguardian.com,Female,128.80.206.18
579,Alfonso,Finlan,afinlang2@washington.edu,Male,76.201.246.138
580,Alanson,Chessman,achessmang3@photobucket.com,Male,35.18.86.176
581,Calida,Spinnace,cspinnaceg4@rakuten.co.jp,Female,254.221.194.38
582,Terri-jo,Wroath,twroathg5@apple.com,Female,174.203.170.158
583,Carmela,Yerrall,cyerrallg6@prnewswire.com,Female,192.10.121.88
584,Luca,Dengate,ldengateg7@google.cn,Male,186.44.4.69
585,Coretta,Yellep,cyellepg8@163.com,Female,50.111.214.231
586,Leela,Heninghem,lheninghemg9@redcross.org,Female,38.255.68.33
587,Cindra,Wetwood,cwetwoodga@t-online.de,Female,231.134.235.145
588,Cherilyn,Ricardet,cricardetgb@posterous.com,Female,177.203.192.82
589,Orv,Ruscoe,oruscoegc@soup.io,Male,90.127.242.10
590,Archibald,Bresman,abresmangd@utexas.edu,Male,122.221.229.34
591,Jon,Kharchinski,jkharchinskige@wsj.com,Male,89.223.212.49
592,Abbey,Dixsee,adixseegf@delicious.com,Female,51.219.88.230
593,Kirby,Nussgen,knussgengg@dagondesign.com,Male,185.13.224.10
594,La verne,Parcall,lparcallgh@example.com,Bigender,242.11.39.110
595,Dore,Allin,dallingi@slate.com,Female,111.154.138.108
596,Rachele,Haggeth,rhaggethgj@ucla.edu,Female,237.242.191.184
597,Fredrick,Breukelman,fbreukelmangk@usnews.com,Male,151.163.61.192
598,Glynnis,Jakeman,gjakemangl@disqus.com,Female,131.232.131.71
599,Rosalyn,Winnister,rwinnistergm@i2i.jp,Female,77.197.8.111
600,Guy,Rambadt,grambadtgn@nature.com,Male,65.136.36.105
601,Donnie,Riceards,driceardsgo@blogtalkradio.com,Female,186.7.8.244
602,Leighton,Stuchbery,lstuchberygp@comcast.net,Male,178.123.15.113
603,Homerus,Pardy,hpardygq@cafepress.com,Male,235.24.146.36
604,Rolf,Semor,rsemorgr@php.net,Male,124.21.173.245
605,Luciano,Letty,llettygs@sciencedirect.com,Male,60.196.1.128
606,Rad,Brothwell,rbrothwellgt@myspace.com,Male,49.215.234.110
607,Peter,Krook,pkrookgu@altervista.org,Male,77.218.233.87
608,Ahmad,Borthram,aborthramgv@twitter.com,Genderfluid,124.122.13.208
609,Matilda,Jamblin,mjamblingw@abc.net.au,Female,145.139.248.33
610,Thorpe,Goldes,tgoldesgx@google.co.jp,Male,89.253.54.60
611,Adan,Potkins,apotkinsgy@icq.com,Female,88.203.218.175
612,Chase,Rowsell,crowsellgz@ox.ac.uk,Agender,62.156.138.132
613,Otes,Records,orecordsh0@sogou.com,Male,177.226.175.172
614,Tova,Klossmann,tklossmannh1@bluehost.com,Female,197.61.212.78
615,Dew,Johnsee,djohnseeh2@prweb.com,Male,126.237.23.166
616,Katie,Ridesdale,kridesdaleh3@dot.gov,Female,226.48.151.202
617,Michele,Pol,mpolh4@wiley.com,Male,192.110.48.88
618,Jaime,McGilvray,jmcgilvrayh5@csmonitor.com,Female,130.206.158.172
619,Vasily,Tullot,vtulloth6@samsung.com,Male,69.147.18.209
620,Charlot,Searsby,csearsbyh7@miitbeian.gov.cn,Female,210.158.219.99
621,Dill,Lubbock,dlubbockh8@ifeng.com,Male,23.160.36.170
622,Irina,Oxborrow,ioxborrowh9@zdnet.com,Female,99.60.160.165
623,Shaylah,Larcombe,slarcombeha@accuweather.com,Female,1.203.6.102
624,Delora,Bartkiewicz,dbartkiewiczhb@mysql.com,Female,80.19.128.183
625,Read,Gilbane,rgilbanehc@myspace.com,Male,48.197.104.195
626,Con,Neame,cneamehd@w3.org,Male,86.117.96.223
627,Dene,Careless,dcarelesshe@ifeng.com,Male,152.111.122.227
628,Mickie,Eschalotte,meschalottehf@wordpress.com,Male,127.154.111.19
629,Rebekkah,Smee,rsmeehg@msn.com,Female,128.62.39.96
630,Athene,Riquet,ariquethh@barnesandnoble.com,Female,243.222.56.199
631,Esther,Eshmade,eeshmadehi@ed.gov,Female,26.171.127.90
632,Hussein,Filyushkin,hfilyushkinhj@feedburner.com,Male,28.15.139.108
633,Marie-ann,Rawlyns,mrawlynshk@pcworld.com,Female,255.24.168.228
634,Kori,O'Curran,kocurranhl@toplist.cz,Female,37.241.128.81
635,Theodora,Sedcole,tsedcolehm@multiply.com,Non-binary,129.213.206.95
636,Frannie,Guly,fgulyhn@vistaprint.com,Male,202.206.234.68
637,Son,Ingrey,singreyho@opera.com,Male,109.249.163.225
638,Dulcia,Penrith,dpenrithhp@odnoklassniki.ru,Female,53.56.155.136
639,Bondie,Schimmang,bschimmanghq@pbs.org,Male,144.218.87.96
640,Neal,Henrichs,nhenrichshr@nsw.gov.au,Male,72.159.96.2
641,Alene,Hradsky,ahradskyhs@1und1.de,Female,53.252.63.148
642,Frederich,Genny,fgennyht@hud.gov,Male,120.60.12.222
643,Dyane,Georgins,dgeorginshu@oaic.gov.au,Female,65.213.246.108
644,Lawrence,Riddel,lriddelhv@sohu.com,Male,143.237.137.181
645,Estrellita,Halwood,ehalwoodhw@stanford.edu,Female,81.223.182.148
646,Meghann,Durante,mdurantehx@vkontakte.ru,Female,78.33.251.122
647,Allin,Foxten,afoxtenhy@ft.com,Male,98.222.26.31
648,Leopold,Cotillard,lcotillardhz@toplist.cz,Male,185.125.178.1
649,Ham,Stiegar,hstiegari0@github.io,Male,108.241.208.157
650,Tabbie,Janks,tjanksi1@pbs.org,Male,77.56.99.153
651,Allen,Schonfeld,aschonfeldi2@hao123.com,Male,206.62.164.29
652,Darcie,Samme,dsammei3@goo.gl,Female,22.206.100.238
653,Myrvyn,Luckett,mlucketti4@paginegialle.it,Male,168.238.254.171
654,Trixie,Crockley,tcrockleyi5@bloglovin.com,Female,79.123.102.132
655,Aubert,Verrall,averralli6@weather.com,Male,226.6.172.189
656,Tailor,Allibon,talliboni7@blogtalkradio.com,Bigender,241.197.96.110
657,Bamby,Benn,bbenni8@wikispaces.com,Female,231.202.48.128
658,Farly,Farden,ffardeni9@foxnews.com,Male,239.178.116.141
659,Oliy,Thonason,othonasonia@google.ru,Female,195.43.15.215
660,Stephie,Fulle,sfulleib@biglobe.ne.jp,Female,169.57.160.8
661,Arvie,Westall,awestallic@lycos.com,Male,90.239.160.40
662,Lilli,McIlmorie,lmcilmorieid@unesco.org,Female,35.176.109.210
663,Nobie,Warwick,nwarwickie@yale.edu,Male,123.148.158.121
664,Nathalie,Tummasutti,ntummasuttiif@shinystat.com,Female,60.136.154.64
665,Charlean,Piens,cpiensig@constantcontact.com,Female,212.178.227.72
666,Ericha,Dossit,edossitih@usatoday.com,Female,139.72.233.5
667,Ronald,McGillecole,rmcgillecoleii@phpbb.com,Male,173.212.27.179
668,Gleda,Hess,ghessij@spotify.com,Female,76.241.178.224
669,Brew,Tilly,btillyik@technorati.com,Male,121.79.225.136
670,Eugene,Lidster,elidsteril@phoca.cz,Male,242.178.55.81
671,Caresse,Gilleson,cgillesonim@hibu.com,Female,36.3.13.17
672,Lilia,Theobalds,ltheobaldsin@merriam-webster.com,Female,164.238.182.75
673,Karia,Spedding,kspeddingio@dailymotion.com,Female,1.86.59.65
674,Colly,Dowtry,cdowtryip@wikispaces.com,Female,137.165.24.169
675,Carolus,Najara,cnajaraiq@eepurl.com,Male,170.149.124.191
676,Pyotr,Zebedee,pzebedeeir@techcrunch.com,Male,82.141.37.75
677,Bella,Ladon,bladonis@wikia.com,Female,68.212.229.30
678,Willi,D'Souza,wdsouzait@google.ca,Male,22.232.0.58
679,Letisha,Hyrons,lhyronsiu@linkedin.com,Female,155.79.170.27
680,Paolina,Dietmar,pdietmariv@nsw.gov.au,Non-binary,225.98.150.175
681,Peyton,Peerman,ppeermaniw@opera.com,Male,66.120.81.61
682,Hershel,Littlefair,hlittlefairix@people.com.cn,Male,105.120.13.196
683,Rosetta,Danbye,rdanbyeiy@army.mil,Female,75.151.205.27
684,Merill,Northcott,mnorthcottiz@issuu.com,Male,67.172.12.228
685,Alphonso,Teager,ateagerj0@timesonline.co.uk,Male,50.140.90.204
686,Tabb,Wilfing,twilfingj1@newyorker.com,Bigender,234.203.149.143
687,Millisent,Parkin,mparkinj2@tinypic.com,Female,77.27.16.148
688,Ansel,Flag,aflagj3@youtu.be,Male,196.159.81.137
689,Mira,Thornton,mthorntonj4@accuweather.com,Female,245.132.84.232
690,Raynell,McSweeney,rmcsweeneyj5@ezinearticles.com,Female,187.227.172.187
691,Octavius,Ollivierre,oollivierrej6@blog.com,Male,226.63.27.92
692,Nickolai,Sylvaine,nsylvainej7@creativecommons.org,Bigender,211.11.81.104
693,Marius,Versey,mverseyj8@msu.edu,Male,250.26.95.101
694,Celinda,Tuppeny,ctuppenyj9@epa.gov,Female,48.71.225.222
695,Sosanna,Cloutt,sclouttja@liveinternet.ru,Female,156.142.140.199
696,Tracy,Ivanichev,tivanichevjb@reddit.com,Female,36.28.185.149
697,Kalvin,Allston,kallstonjc@jalbum.net,Male,240.111.43.42
698,Yorke,Denness,ydennessjd@cyberchimps.com,Male,29.26.74.157
699,Joaquin,Farge,jfargeje@wufoo.com,Male,199.178.1.38
700,Donny,Cranmor,dcranmorjf@hc360.com,Male,57.190.131.136
701,Corny,Tight,ctightjg@xing.com,Male,44.216.185.125
702,Almeda,Keedy,akeedyjh@wordpress.org,Female,246.89.228.56
703,Demetris,Perview,dperviewji@ibm.com,Female,58.249.124.44
704,Ebony,Kinnie,ekinniejj@redcross.org,Female,50.200.185.102
705,Tani,Kun,tkunjk@sitemeter.com,Female,151.118.231.5
706,Valentine,Nelthorp,vnelthorpjl@un.org,Female,164.63.96.57
707,Alyse,Lonsbrough,alonsbroughjm@xinhuanet.com,Female,241.119.211.210
708,Shurwood,Skitch,sskitchjn@nbcnews.com,Male,216.43.10.117
709,Hally,Gibbieson,hgibbiesonjo@icio.us,Female,114.87.164.189
710,Culver,Slucock,cslucockjp@constantcontact.com,Male,86.149.135.22
711,Lilli,Quenby,lquenbyjq@amazon.co.jp,Female,196.93.173.115
712,Rowen,Grewar,rgrewarjr@si.edu,Male,70.141.242.243
713,Dicky,Hallgarth,dhallgarthjs@alexa.com,Male,246.129.139.99
714,Cal,McQuilkin,cmcquilkinjt@tripod.com,Female,229.225.142.211
715,Ashbey,Mildmott,amildmottju@dropbox.com,Male,240.50.15.230
716,Genna,Churches,gchurchesjv@google.cn,Female,249.213.205.80
717,Eustace,Scoullar,escoullarjw@youtu.be,Male,119.125.146.47
718,Early,MacKellen,emackellenjx@skyrock.com,Male,253.117.73.32
719,Dacia,Cowen,dcowenjy@joomla.org,Female,202.164.74.250
720,Janine,Gradley,jgradleyjz@fotki.com,Female,179.116.91.164
721,Cyrus,Verty,cvertyk0@themeforest.net,Male,126.199.77.152
722,Maurita,Farn,mfarnk1@domainmarket.com,Female,220.201.97.214
723,Ketty,Grinstead,kgrinsteadk2@aboutads.info,Bigender,25.51.42.230
724,Melany,Curson,mcursonk3@foxnews.com,Female,123.96.124.75
725,Phedra,Proffitt,pproffittk4@altervista.org,Female,206.175.142.92
726,Perrine,Mor,pmork5@sakura.ne.jp,Female,135.137.67.53
727,Elayne,Latliff,elatliffk6@ox.ac.uk,Female,128.38.188.247
728,Burke,McDugal,bmcdugalk7@usgs.gov,Male,30.167.72.144
729,Christina,McKeurton,cmckeurtonk8@unesco.org,Female,89.119.51.191
730,Kally,Ponting,kpontingk9@marketwatch.com,Female,69.166.226.127
731,Mady,Deeny,mdeenyka@ovh.net,Agender,142.134.89.19
732,Webster,Kleinerman,wkleinermankb@mapquest.com,Male,14.103.123.35
733,Bryanty,Fairham,bfairhamkc@deliciousdays.com,Male,109.229.64.105
734,Lodovico,Erdes,lerdeskd@flavors.me,Male,248.140.7.150
735,Cullen,Maffey,cmaffeyke@psu.edu,Male,151.67.145.197
736,Rockie,Braunds,rbraundskf@behance.net,Male,2.151.38.34
737,Brodie,Paskins,bpaskinskg@earthlink.net,Male,253.126.228.90
738,Roma,Dankersley,rdankersleykh@si.edu,Male,209.234.44.155
739,Myrlene,Clouston,mcloustonki@redcross.org,Female,34.35.62.20
740,Kristofor,Frusher,kfrusherkj@constantcontact.com,Male,83.137.52.22
741,Celka,Fetherstonhaugh,cfetherstonhaughkk@chicagotribune.com,Female,192.189.82.242
742,Aldridge,Ondrich,aondrichkl@flavors.me,Male,123.250.112.176
743,Beatrix,Cantu,bcantukm@weebly.com,Female,101.253.145.73
744,Laurena,Willwood,lwillwoodkn@sogou.com,Female,15.129.219.185
745,Clerc,Petherick,cpetherickko@gravatar.com,Male,240.157.47.115
746,Lola,Grinvalds,lgrinvaldskp@yellowpages.com,Genderfluid,204.214.32.79
747,Jud,Zoellner,jzoellnerkq@cam.ac.uk,Bigender,237.73.101.218
748,Ann-marie,Piecha,apiechakr@ovh.net,Female,17.73.145.82
749,Charlie,Kubis,ckubisks@comcast.net,Male,158.123.0.71
750,Preston,Slavin,pslavinkt@amazon.co.uk,Agender,102.100.98.86
751,Bea,McKernan,bmckernanku@weather.com,Genderqueer,8.57.122.210
752,Aylmar,Adolthine,aadolthinekv@rediff.com,Male,162.100.37.24
753,Agatha,Sasser,asasserkw@sogou.com,Female,62.186.88.255
754,Maisey,Rosoman,mrosomankx@auda.org.au,Female,19.107.239.186
755,Clarita,Danbury,cdanburyky@thetimes.co.uk,Female,145.72.11.241
756,Artemas,Sudron,asudronkz@google.com,Male,248.39.189.123
757,Trevar,Crix,tcrixl0@rediff.com,Male,155.198.174.251
758,Nickolas,German,ngermanl1@chicagotribune.com,Male,63.119.152.118
759,Adeline,Bunkle,abunklel2@wikia.com,Female,181.127.38.78
760,Werner,Hovey,whoveyl3@google.com.hk,Male,76.20.190.170
761,Selestina,Fysh,sfyshl4@techcrunch.com,Female,168.149.82.69
762,Bern,Strand,bstrandl5@apache.org,Bigender,167.186.140.231
763,Vilhelmina,Robbel,vrobbell6@bizjournals.com,Female,46.158.9.25
764,Gloriana,Verdon,gverdonl7@redcross.org,Female,79.193.78.85
765,Jasmin,Bonnor,jbonnorl8@google.es,Female,194.140.12.41
766,Inglis,Elwill,ielwilll9@wsj.com,Male,35.131.177.102
767,Arri,Padberry,apadberryla@loc.gov,Male,4.31.97.154
768,Huberto,Shury,hshurylb@goo.gl,Male,84.141.200.30
769,Raul,Gamblin,rgamblinlc@auda.org.au,Male,58.85.25.224
770,Dru,Boddy,dboddyld@sitemeter.com,Female,219.208.190.186
771,Darnell,Sexstone,dsexstonele@noaa.gov,Genderfluid,120.226.67.194
772,Web,Baudino,wbaudinolf@youtube.com,Male,151.188.127.211
773,Darin,Paty,dpatylg@china.com.cn,Male,31.220.55.87
774,Janith,Hempshall,jhempshalllh@ezinearticles.com,Female,253.100.59.34
775,Earlie,Hasley,ehasleyli@usa.gov,Male,226.238.65.47
776,Shae,Ledger,sledgerlj@wufoo.com,Male,105.130.5.41
777,Denni,Rustadge,drustadgelk@twitter.com,Female,168.56.31.35
778,Gris,O'Scollain,goscollainll@usnews.com,Male,205.69.231.113
779,Robert,Lepper,rlepperlm@scribd.com,Male,40.223.111.83
780,Brandy,Cranny,bcrannyln@howstuffworks.com,Male,238.148.89.218
781,Andria,Bushen,abushenlo@cargocollective.com,Female,122.41.10.198
782,Analise,Daft,adaftlp@icio.us,Female,122.32.140.225
783,Lorenzo,Kidwell,lkidwelllq@typepad.com,Male,87.79.221.164
784,Rhodia,Fleisch,rfleischlr@discovery.com,Agender,206.190.111.70
785,Boone,Croom,bcroomls@howstuffworks.com,Genderqueer,229.17.79.50
786,Morry,Balshaw,mbalshawlt@zimbio.com,Male,243.52.26.77
787,Joseito,Valance,jvalancelu@acquirethisname.com,Male,7.16.134.42
788,Jayne,Weddeburn,jweddeburnlv@1688.com,Female,234.196.152.104
789,Daryn,McDiarmid,dmcdiarmidlw@tamu.edu,Female,42.106.169.151
790,Correy,Bartol,cbartollx@about.me,Male,162.210.158.142
791,Kingsley,Romme,krommely@mozilla.com,Male,234.117.123.210
792,Hort,Timmins,htimminslz@discovery.com,Male,125.230.88.152
793,Angie,Jeratt,ajerattm0@epa.gov,Non-binary,224.83.130.222
794,Babita,Schmuhl,bschmuhlm1@businesswire.com,Female,86.244.214.223
795,Rex,Lethcoe,rlethcoem2@seesaa.net,Genderqueer,219.49.27.76
796,Vance,Stealey,vstealeym3@fema.gov,Male,142.202.164.254
797,Blythe,Tarrier,btarrierm4@sogou.com,Female,182.117.195.124
798,Harri,Woodroffe,hwoodroffem5@odnoklassniki.ru,Female,122.115.209.110
799,Agathe,Fearneley,afearneleym6@deviantart.com,Female,144.56.163.240
800,Melli,Danielian,mdanielianm7@phoca.cz,Female,10.255.159.148
801,Hieronymus,Craighall,hcraighallm8@abc.net.au,Male,28.1.23.54
802,Essa,Lindell,elindellm9@posterous.com,Female,163.229.112.4
803,Maxy,Tedridge,mtedridgema@booking.com,Male,192.209.138.213
804,Ynes,O' Kelleher,yokellehermb@reference.com,Polygender,95.144.125.246
805,Marshall,Wraight,mwraightmc@samsung.com,Male,149.59.41.199
806,Karney,Gladwell,kgladwellmd@boston.com,Male,206.133.152.120
807,Gordie,Harrowell,gharrowellme@tripod.com,Male,178.11.102.63
808,Stella,Sawday,ssawdaymf@google.com.br,Female,14.237.213.102
809,Inigo,Gover,igovermg@tamu.edu,Male,80.186.222.244
810,Latashia,Catonne,lcatonnemh@sogou.com,Female,224.155.23.7
811,Packston,Camolli,pcamollimi@woothemes.com,Male,178.188.123.83
812,Cory,Waylett,cwaylettmj@toplist.cz,Male,149.203.196.28
813,Stirling,Rheubottom,srheubottommk@whitehouse.gov,Male,2.21.100.245
814,Ezechiel,Sappell,esappellml@admin.ch,Male,144.253.124.155
815,Jamie,Kaman,jkamanmm@wikia.com,Female,183.202.73.251
816,Clarissa,Smythe,csmythemn@angelfire.com,Female,92.80.165.205
817,Jacquelin,Adriaens,jadriaensmo@walmart.com,Female,161.243.254.71
818,Lalo,Broschke,lbroschkemp@ehow.com,Male,105.255.250.31
819,Tommy,Bruster,tbrustermq@mayoclinic.com,Male,192.253.178.242
820,Corissa,Dellar,cdellarmr@webnode.com,Female,231.198.131.233
821,Olympie,Scones,osconesms@webs.com,Female,181.69.163.96
822,Garner,Schober,gschobermt@bing.com,Male,239.228.54.94
823,Jaclyn,Kings,jkingsmu@fotki.com,Female,35.58.2.206
824,Irwin,Story,istorymv@marketwatch.com,Male,145.6.145.87
825,Clywd,Fawkes,cfawkesmw@upenn.edu,Male,66.199.59.206
826,Brigida,Eva,bevamx@goo.ne.jp,Female,23.22.57.172
827,Niki,Beardall,nbeardallmy@oracle.com,Male,178.112.225.132
828,Alejoa,Marzella,amarzellamz@ow.ly,Male,41.244.80.153
829,Allix,Chestnut,achestnutn0@foxnews.com,Female,60.106.241.150
830,Alfonse,Callington,acallingtonn1@ed.gov,Male,93.245.138.69
831,Ralf,Clarke-Williams,rclarkewilliamsn2@e-recht24.de,Bigender,235.79.161.80
832,Breena,Murtagh,bmurtaghn3@topsy.com,Female,211.78.64.13
833,Pammy,Thomel,pthomeln4@cocolog-nifty.com,Female,206.110.173.196
834,Brande,Spencley,bspencleyn5@rediff.com,Female,47.244.120.50
835,Fabe,Farn,ffarnn6@w3.org,Male,140.105.204.116
836,Tori,Schoffler,tschofflern7@theatlantic.com,Female,61.113.202.180
837,Alysia,Loines,aloinesn8@weebly.com,Female,129.49.164.11
838,Frederic,Antao,fantaon9@phpbb.com,Male,23.68.87.108
839,Robby,Plaxton,rplaxtonna@sitemeter.com,Female,3.6.173.184
840,Elva,Rieflin,erieflinnb@cam.ac.uk,Female,192.195.135.118
841,Brina,Scampion,bscampionnc@mysql.com,Female,194.44.119.161
842,Shell,Auchterlonie,sauchterloniend@amazon.co.uk,Female,170.222.215.106
843,Corbet,Pettegre,cpettegrene@skyrock.com,Genderfluid,240.0.184.72
844,Sibbie,Phoebe,sphoebenf@free.fr,Female,50.132.99.253
845,Colleen,Jiroutek,cjiroutekng@foxnews.com,Female,56.162.100.90
846,Mord,Lasham,mlashamnh@tiny.cc,Male,42.10.235.192
847,Abel,Evason,aevasonni@drupal.org,Male,207.206.224.241
848,Audrye,Bishop,abishopnj@usda.gov,Female,204.202.28.6
849,Sawyere,Iron,sironnk@ucsd.edu,Male,170.240.130.100
850,Jayme,Burrass,jburrassnl@google.nl,Female,245.147.63.84
851,Savina,Inkpen,sinkpennm@latimes.com,Polygender,125.144.5.57
852,Mario,Fateley,mfateleynn@nbcnews.com,Male,176.162.87.198
853,Bree,Clarke,bclarkeno@state.tx.us,Female,29.113.213.209
854,Ailina,Munford,amunfordnp@usatoday.com,Female,139.135.66.164
855,Sandor,Catcheside,scatchesidenq@nature.com,Male,74.155.255.91
856,Barnie,Bezley,bbezleynr@yellowpages.com,Non-binary,149.119.231.171
857,Jandy,Gagen,jgagenns@angelfire.com,Female,147.77.116.101
858,Isabella,Trevaskiss,itrevaskissnt@pinterest.com,Female,59.133.43.88
859,Vail,Defries,vdefriesnu@jimdo.com,Male,40.39.59.4
860,Leonerd,Cubbin,lcubbinnv@google.it,Genderfluid,76.219.117.48
861,Lamar,Dosdale,ldosdalenw@pen.io,Male,114.131.137.94
862,Alisander,Emmanuele,aemmanuelenx@geocities.jp,Male,244.111.89.105
863,Hill,O'Lochan,holochanny@rakuten.co.jp,Male,195.125.26.65
864,Neilla,Pead,npeadnz@drupal.org,Female,159.131.111.139
865,Robert,Hazeldean,rhazeldeano0@google.es,Male,219.160.135.243
866,Marieann,Ramshay,mramshayo1@uiuc.edu,Female,174.74.26.247
867,Angela,Dwerryhouse,adwerryhouseo2@nbcnews.com,Female,106.118.208.203
868,Jaquelin,Bruckman,jbruckmano3@themeforest.net,Female,196.45.29.137
869,Krista,Butteris,kbutteriso4@blogtalkradio.com,Female,155.57.129.242
870,Rhodia,Mesant,rmesanto5@blinklist.com,Female,97.69.236.111
871,Brigit,Cater,bcatero6@tiny.cc,Non-binary,131.247.136.75
872,Killian,Grouen,kgroueno7@google.pl,Non-binary,221.158.213.172
873,Erastus,Aleksandrov,ealeksandrovo8@bloglovin.com,Male,205.182.12.68
874,Betta,Rosenblath,brosenblatho9@deviantart.com,Female,65.188.237.208
875,Granger,Dorrell,gdorrelloa@sun.com,Male,178.27.135.120
876,Humberto,Philliskirk,hphilliskirkob@woothemes.com,Male,207.208.72.40
877,Tedi,Manders,tmandersoc@163.com,Female,72.218.254.48
878,Elden,Quinell,equinellod@msu.edu,Male,71.184.134.60
879,Hastie,Reece,hreeceoe@cnbc.com,Male,70.180.81.172
880,Dyana,O'Doran,dodoranof@sina.com.cn,Female,84.247.140.214
881,Arther,Grattan,agrattanog@businesswire.com,Male,112.176.233.65
882,Annabelle,Simco,asimcooh@creativecommons.org,Female,88.47.109.145
883,Forrester,Becom,fbecomoi@networksolutions.com,Male,181.88.230.132
884,Raviv,Beyn,rbeynoj@sphinn.com,Male,250.132.88.27
885,Myca,Jepson,mjepsonok@chron.com,Male,236.21.43.131
886,Gizela,Vieyra,gvieyraol@lulu.com,Female,39.45.54.51
887,Aurelie,Abele,aabeleom@shutterfly.com,Female,66.192.211.3
888,Marieann,Ickovicz,mickoviczon@sakura.ne.jp,Female,148.32.219.205
889,Jesus,Surmon,jsurmonoo@businessinsider.com,Male,81.78.111.3
890,Allissa,Whitwood,awhitwoodop@cisco.com,Female,246.83.103.225
891,Ingra,Giampietro,igiampietrooq@studiopress.com,Male,221.136.89.148
892,Kessia,Essberger,kessbergeror@alexa.com,Female,90.76.117.17
893,Estevan,Ariss,earissos@yahoo.co.jp,Male,127.18.201.173
894,Clementina,Corbett,ccorbettot@xing.com,Female,76.219.131.52
895,Wallie,Enterlein,wenterleinou@yelp.com,Female,239.107.209.4
896,Eveline,Berry,eberryov@chronoengine.com,Female,107.193.30.87
897,Terri,Jennaway,tjennawayow@telegraph.co.uk,Male,180.33.141.171
898,Janene,McGeachey,jmcgeacheyox@mozilla.com,Female,94.3.49.239
899,Gerry,Haddick,ghaddickoy@simplemachines.org,Male,232.237.77.225
900,Neysa,Gait,ngaitoz@histats.com,Female,132.234.194.206
901,Reinaldos,Danbury,rdanburyp0@nps.gov,Male,85.70.71.82
902,Guilbert,Choke,gchokep1@tuttocitta.it,Male,34.193.57.240
903,Rafaelia,Peckham,rpeckhamp2@tiny.cc,Female,165.121.19.75
904,Rianon,Bossel,rbosselp3@epa.gov,Female,190.14.147.228
905,Richardo,Fagence,rfagencep4@e-recht24.de,Male,220.217.125.211
906,Devlen,Boate,dboatep5@un.org,Male,132.205.28.204
907,Hyacinthia,Grayshan,hgrayshanp6@youtu.be,Female,137.94.85.128
908,Hildegarde,Ovey,hoveyp7@go.com,Female,47.171.132.17
909,Renaldo,Rankmore,rrankmorep8@cnn.com,Male,170.251.55.54
910,Codie,Maraga,cmaragap9@mail.ru,Male,242.193.226.112
911,Menard,Grovier,mgrovierpa@51.la,Male,168.32.240.9
912,Riordan,Winters,rwinterspb@oaic.gov.au,Male,201.210.169.32
913,Christian,Couroy,ccouroypc@soundcloud.com,Female,248.72.154.76
914,Vi,Atwel,vatwelpd@xinhuanet.com,Female,113.19.61.82
915,Hyacinthe,Bushnell,hbushnellpe@zimbio.com,Female,34.116.46.231
916,Garik,Screase,gscreasepf@google.it,Male,125.114.67.151
917,Elsi,Doggett,edoggettpg@lycos.com,Female,96.175.69.237
918,Brien,Doorey,bdooreyph@sitemeter.com,Male,93.111.9.173
919,Stillmann,Oldroyd,soldroydpi@odnoklassniki.ru,Male,71.166.247.151
920,Leodora,Tschierasche,ltschieraschepj@discovery.com,Genderqueer,130.196.153.52
921,Edik,Balaisot,ebalaisotpk@foxnews.com,Male,20.107.53.88
922,Stacee,Entwistle,sentwistlepl@istockphoto.com,Female,214.105.82.51
923,Harriette,Ough,houghpm@theglobeandmail.com,Female,222.227.81.150
924,Roxi,Caudrey,rcaudreypn@uiuc.edu,Agender,40.18.246.237
925,Sydney,Baudasso,sbaudassopo@indiatimes.com,Male,103.38.97.19
926,Adriana,Tourmell,atourmellpp@moonfruit.com,Female,96.13.125.156
927,Kathe,Gamil,kgamilpq@amazon.com,Female,39.92.40.253
928,Hynda,Chilvers,hchilverspr@latimes.com,Female,59.24.214.158
929,Hunfredo,Statefield,hstatefieldps@imgur.com,Male,41.17.59.95
930,Abey,Bogey,abogeypt@samsung.com,Male,147.10.76.235
931,Vern,O'Shevlan,voshevlanpu@nyu.edu,Male,104.166.36.85
932,Keslie,Jayes,kjayespv@apache.org,Female,10.151.177.52
933,Selig,Radage,sradagepw@ycombinator.com,Male,28.243.74.201
934,Nap,Gabe,ngabepx@omniture.com,Male,102.121.116.205
935,Townsend,Siverns,tsivernspy@jugem.jp,Male,55.244.38.12
936,Travers,Hanhart,thanhartpz@i2i.jp,Male,20.27.211.16
937,Barbey,Tomsu,btomsuq0@microsoft.com,Genderqueer,114.44.118.221
938,Dwain,Piggott,dpiggottq1@jigsy.com,Male,57.171.155.84
939,Allister,Toseland,atoselandq2@discuz.net,Male,229.89.167.103
940,Cindy,Blomefield,cblomefieldq3@histats.com,Female,126.102.163.44
941,Leonardo,Geal,lgealq4@springer.com,Male,226.2.22.238
942,Maximilian,Arrighetti,marrighettiq5@discovery.com,Male,93.141.123.244
943,Vernor,Raggles,vragglesq6@arstechnica.com,Male,72.118.22.52
944,Bennett,Pook,bpookq7@paypal.com,Male,109.215.254.74
945,Yorgos,Kemball,ykemballq8@domainmarket.com,Male,226.170.63.54
946,Nicol,Nornable,nnornableq9@t-online.de,Male,103.93.136.126
947,Joshia,Couper,jcouperqa@kickstarter.com,Male,70.206.21.142
948,Morse,Barensen,mbarensenqb@cnbc.com,Male,39.225.53.41
949,Gene,Verbrugghen,gverbrugghenqc@netlog.com,Genderfluid,147.14.3.195
950,Hermia,Jahnke,hjahnkeqd@unc.edu,Female,103.207.59.98
951,Hilario,Storre,hstorreqe@toplist.cz,Male,6.192.5.112
952,Roddie,Filler,rfillerqf@google.cn,Male,251.118.216.63
953,Kristos,Challenger,kchallengerqg@ask.com,Male,245.211.198.221
954,Babb,Gillyatt,bgillyattqh@jugem.jp,Female,85.19.176.150
955,Elmer,Phillip,ephillipqi@columbia.edu,Male,96.221.49.218
956,Sacha,Worrall,sworrallqj@weibo.com,Female,188.53.243.65
957,Isa,Shapcott,ishapcottqk@yellowpages.com,Male,23.159.3.193
958,Vasili,Moukes,vmoukesql@php.net,Male,175.37.137.132
959,Gannon,Garoghan,ggaroghanqm@storify.com,Genderfluid,232.75.225.181
960,Vinnie,Baddeley,vbaddeleyqn@homestead.com,Male,5.32.0.78
961,Vinni,Welfair,vwelfairqo@bbb.org,Female,34.171.116.80
962,Helen-elizabeth,Lyal,hlyalqp@yellowbook.com,Female,18.122.67.0
963,Hana,Fitzackerley,hfitzackerleyqq@1688.com,Female,35.164.111.111
964,Pennie,McGhee,pmcgheeqr@cdbaby.com,Male,112.134.86.185
965,Humphrey,Collinette,hcollinetteqs@macromedia.com,Male,225.222.241.214
966,Tasha,Seak,tseakqt@youku.com,Female,220.35.68.74
967,Alfons,Weir,aweirqu@yahoo.co.jp,Male,96.91.170.118
968,Myrwyn,Tunstall,mtunstallqv@state.gov,Male,53.20.123.142
969,Hyacintha,Swindon,hswindonqw@chron.com,Female,189.143.58.2
970,Charmian,Ayscough,cayscoughqx@google.co.uk,Female,137.65.80.194
971,Prinz,Skewis,pskewisqy@ovh.net,Male,0.29.202.12
972,Land,Kinman,lkinmanqz@jugem.jp,Male,222.119.103.101
973,Reynolds,Burle,rburler0@marriott.com,Male,66.109.246.194
974,Herschel,Vertey,hverteyr1@rakuten.co.jp,Male,60.200.49.168
975,Thornie,Hayto,thaytor2@hugedomains.com,Male,37.188.53.235
976,Fanni,Estevez,festevezr3@sciencedirect.com,Female,118.111.199.224
977,Joanne,Sturrock,jsturrockr4@ucoz.ru,Female,123.180.44.159
978,Katey,Hollingdale,khollingdaler5@goodreads.com,Female,58.55.72.185
979,Vinni,Simounet,vsimounetr6@ucsd.edu,Female,163.110.218.32
980,Clarita,Spellman,cspellmanr7@icio.us,Female,251.27.145.47
981,Wilma,Birkmyre,wbirkmyrer8@biglobe.ne.jp,Female,11.65.79.88
982,Ellswerth,Sawfoot,esawfootr9@ning.com,Male,15.249.76.194
983,Sayers,Goodding,sgooddingra@yolasite.com,Male,163.155.167.81
984,Lyda,Baud,lbaudrb@bloomberg.com,Genderqueer,206.134.247.20
985,Zelig,Walworche,zwalworcherc@hibu.com,Polygender,130.235.43.99
986,Joli,Semrad,jsemradrd@pbs.org,Female,229.143.110.53
987,Barton,Simeoni,bsimeonire@mapquest.com,Male,14.97.176.186
988,Felicity,Kenwood,fkenwoodrf@newsvine.com,Female,156.100.28.57
989,Dorry,Tunnow,dtunnowrg@google.de,Female,43.29.38.235
990,Alberta,Gerran,agerranrh@freewebs.com,Female,88.227.219.190
991,Hussein,Bence,hbenceri@berkeley.edu,Male,146.239.175.172
992,Madelyn,Matthews,mmatthewsrj@prlog.org,Female,247.240.56.182
993,Stephanie,Winterscale,swinterscalerk@cbsnews.com,Female,92.190.152.15
994,Laryssa,Klaussen,lklaussenrl@phoca.cz,Female,214.87.140.40
995,Perry,Rembrant,prembrantrm@whitehouse.gov,Female,121.84.44.6
996,Marilyn,Nell,mnellrn@dell.com,Genderfluid,55.0.147.172
997,Korella,Pimlett,kpimlettro@time.com,Female,215.177.192.103
998,Flss,Shalliker,fshallikerrp@sun.com,Non-binary,108.70.145.103
999,Nilson,McGann,nmcgannrq@loc.gov,Male,59.46.72.197
1000,Katalin,Keller,kkellerrr@kickstarter.com,Female,86.88.169.171
